name,number
Food Forest Commons,1
Web3 Designers,2
Matriz,3
OpenTEAM,4
Liberating Structures Commons,5
Greens for Good,6
Recovery and healing to earn dAPP and NFT assisted,7
The Overweb,8
Fable DAO,9
wellnessDAO commons,10
Underground DAO,11
Grassroots Economic Commons,12
The Infinite Game,13
Alas! A Cyber Physical Commons for OpenGuitar,14
Unmonopolizable Therapies Commons,15
The AI Commons/Algovera,16
Breadchain Commons,17
All for Climate DAO,18
Decentralised Arts Commons,19
Gravity DAO,20
The RESET,21
SEEDS COMMONS,22
Kernel Commons,23
ReeFi Commons,25
Impact(NFT) Commons,26
The Villagers Commons,27
ReFi DAO,28
Save DAO,29
Open Cultivars Commons,31
TODAO,32
Precious Plastic Commons,33
ReCommon,34
40acres,35
XRFoundation,36
GreenPandora DAO,37